passengerId, driverId, location, startLocation, endLocation
80fa91f9, 0726c30a, 14.503435, 121.288311, 14.503435, 121.288311, 14.505650, 121.289868